{"cameraMode":{"drawMode":0,"name":"Shaded","section":"Shading Mode"},"sceneLighting":true,"audioPlay":false,"sceneViewState":{"m_AlwaysRefresh":false,"showFog":true,"showSkybox":true,"showFlares":true,"showImageEffects":true,"showParticleSystems":true,"showVisualEffectGraphs":true,"m_FxEnabled":true},"in2DMode":false,"pivot":{"x":-0.6446423530578613,"y":-2.8946609497070314,"z":6.292633056640625},"rotation":{"x":-0.39822232723236086,"y":-0.03017272613942623,"z":0.013107127510011197,"w":-0.9167067408561707},"size":13.96799373626709,"orthographic":false}